Rank,Player,Team,Age,GP,Wins,Losses,MIN,PTS,FGM,FGA,FG%,3PM,3PA,3P%,FTM,FTA,FT%,OREB,DREB,REB,AST,TOV,STL,BLK,PF,FP,DD2,TD3,PlusMinus
1,Joel Embiid,PHI,30,6,2,4,41.4,33.0,9.8,22.2,44.4,2.2,6.5,33.3,11.2,13.0,85.9,3.2,7.7,10.8,5.7,4.2,1.2,1.5,3.3,58.3,4.0,1.0,7.7
2,Jalen Brunson,NYK,27,13,7,6,39.8,32.4,11.6,26.2,44.4,2.0,6.5,31.0,7.2,9.2,77.5,0.6,2.7,3.3,7.5,2.7,0.8,0.2,2.0,47.6,3.0,0.0,0.9
3,Damian Lillard,MIL,33,4,1,3,39.1,31.3,8.5,20.3,42.0,5.0,12.0,41.7,9.3,9.5,97.4,0.5,2.8,3.3,5.0,2.3,1.0,0.0,2.0,43.4,0.0,0.0,-8.8
4,Shai Gilgeous-Alexander,OKC,25,10,6,4,39.9,30.2,11.1,22.4,49.6,1.6,3.7,43.2,6.4,8.1,79.0,0.8,6.4,7.2,6.4,2.2,1.3,1.7,3.1,55.2,3.0,0.0,5.6
5,Tyrese Maxey,PHI,23,6,2,4,44.6,29.8,11.0,23.0,47.8,3.7,9.2,40.0,4.2,4.7,89.3,0.2,5.0,5.2,6.8,2.2,0.8,0.3,2.7,47.6,1.0,0.0,-1.3
6,Donovan Mitchell,CLE,27,10,5,5,38.2,29.6,10.7,22.5,47.6,2.9,8.2,35.4,5.3,6.5,81.5,0.6,4.8,5.4,4.7,2.8,1.3,0.3,2.9,45.1,0.0,0.0,0.0
7,Nikola Jokic,DEN,29,12,7,5,40.2,28.7,11.1,20.3,54.5,1.2,4.4,26.4,5.3,5.9,90.1,3.6,9.8,13.4,8.7,3.3,1.4,0.7,2.7,60.7,9.0,2.0,0.9
8,Luka Doncic,DAL,25,15,11,4,41.9,28.3,9.7,22.4,43.2,3.1,9.7,32.4,5.9,7.3,80.7,0.9,8.3,9.3,9.0,4.0,1.7,0.5,2.4,55.6,11.0,5.0,5.4
9,Anthony Davis,LAL,31,5,1,4,41.6,27.8,11.8,18.6,63.4,0.0,1.0,0.0,4.2,5.2,80.8,3.0,12.6,15.6,4.0,2.2,0.4,1.6,3.8,56.3,5.0,0.0,-1.8
9,LeBron James,LAL,39,5,1,4,40.8,27.8,11.2,19.8,56.6,2.0,5.2,38.5,3.4,4.6,73.9,0.8,6.0,6.8,8.8,3.8,2.4,1.0,2.2,55.6,2.0,0.0,-2.2
11,Devin Booker,PHX,27,4,0,4,41.5,27.5,8.0,16.3,49.2,1.8,5.0,35.0,9.8,10.3,95.1,0.3,3.0,3.3,6.0,2.8,1.8,0.3,4.5,43.7,0.0,0.0,-11.5
12,Anthony Edwards,MIN,22,14,8,6,40.4,27.4,9.6,20.1,48.0,2.9,7.4,38.5,5.3,6.3,84.1,1.1,5.5,6.6,6.4,3.2,1.6,0.6,2.1,48.4,1.0,0.0,6.0
13,Paolo Banchero,ORL,21,7,3,4,37.5,27.0,9.7,21.3,45.6,2.3,5.7,40.0,5.3,7.0,75.5,2.0,6.6,8.6,4.0,4.6,1.1,0.6,2.0,43.9,2.0,0.0,2.9
14,Kevin Durant,PHX,35,4,0,4,42.1,26.8,9.3,16.8,55.2,1.3,3.0,41.7,7.0,8.5,82.4,0.3,6.3,6.5,3.3,2.5,0.5,1.5,2.0,42.9,0.0,0.0,-17.8
15,Jayson Tatum,BOS,26,14,12,2,40.5,26.0,8.6,19.6,44.2,2.1,7.1,29.0,6.6,7.9,84.5,0.9,9.4,10.4,5.9,2.4,1.1,0.7,3.1,50.3,11.0,1.0,10.1
16,Jaylen Brown,BOS,27,14,12,2,36.7,25.0,9.9,18.2,54.1,2.0,5.4,36.8,3.3,5.2,63.0,1.3,4.9,6.1,2.6,2.6,1.1,0.6,2.5,38.6,0.0,0.0,5.3
17,Khris Middleton,MIL,32,6,2,4,38.3,24.7,9.2,19.0,48.2,1.8,5.2,35.5,4.5,5.0,90.0,2.0,7.2,9.2,4.7,2.3,0.5,0.2,4.2,42.3,4.0,0.0,0.8
18,Bam Adebayo,MIA,26,5,1,4,38.5,22.6,9.6,19.4,49.5,0.4,2.0,20.0,3.0,4.2,71.4,2.2,7.2,9.4,3.8,1.6,0.4,0.0,3.0,39.2,2.0,0.0,-7.2
19,Kyrie Irving,DAL,32,15,11,4,40.2,22.4,8.3,16.9,49.2,2.7,6.1,44.0,3.1,3.8,80.7,1.1,2.9,4.0,5.3,2.5,1.3,0.5,3.1,37.8,0.0,0.0,7.1
20,Pascal Siakam,IND,30,17,8,9,35.4,21.6,9.2,17.1,54.1,0.8,2.8,29.8,2.3,3.7,61.9,2.5,5.1,7.5,3.8,1.1,0.8,0.4,2.8,38.7,4.0,0.0,2.2
21,James Harden,LAC,34,6,2,4,40.3,21.2,6.7,14.8,44.9,3.0,7.8,38.3,4.8,5.3,90.6,0.5,4.0,4.5,8.0,2.3,1.0,1.0,2.2,42.2,1.0,0.0,-8.0
22,Jamal Murray,DEN,27,12,7,5,38.5,20.6,8.3,20.8,40.2,1.9,6.1,31.5,2.0,2.2,92.3,0.8,3.6,4.3,5.6,2.6,0.8,0.5,2.3,35.6,1.0,0.0,-2.7
23,Paul George,LAC,34,6,2,4,37.1,19.5,6.5,15.8,41.1,3.0,8.2,36.7,3.5,4.2,84.0,0.5,6.3,6.8,4.8,2.3,1.2,0.5,3.7,37.6,2.0,0.0,-4.5
24,Franz Wagner,ORL,22,7,3,4,37.1,18.9,6.0,14.7,40.8,1.3,4.9,26.5,5.6,6.3,88.6,1.4,5.4,6.9,4.4,1.3,0.7,1.3,2.9,38.4,1.0,0.0,4.3
25,Jalen Williams,OKC,23,10,6,4,37.7,18.7,7.5,16.0,46.9,1.5,3.9,38.5,2.2,2.7,81.5,1.3,5.5,6.8,5.4,1.9,1.7,0.5,2.1,39.7,0.0,0.0,6.6
26,Tyrese Haliburton,IND,24,15,8,7,34.8,18.7,7.0,14.3,48.8,3.5,9.3,37.9,1.1,1.3,85.0,0.8,4.0,4.8,8.2,2.1,1.3,0.7,0.9,40.5,4.0,1.0,3.9
27,Karl-Anthony Towns,MIN,28,14,8,6,32.5,18.0,6.4,14.2,45.2,1.8,5.1,34.7,3.4,4.0,83.9,2.1,7.0,9.1,2.8,1.5,0.8,0.2,3.5,34.6,7.0,0.0,1.2
28,Derrick White,BOS,29,14,12,2,35.2,17.8,6.3,13.4,47.1,3.4,8.4,40.7,1.8,2.0,89.3,0.9,3.2,4.1,4.6,0.7,0.9,1.3,2.4,35.2,0.0,0.0,5.8
29,Donte DiVincenzo,NYK,27,13,7,6,35.8,17.8,6.2,14.7,41.9,3.5,8.2,42.5,2.0,2.3,86.7,1.0,3.0,4.0,2.6,1.2,1.2,0.9,2.2,31.7,0.0,0.0,-4.5
30,CJ McCollum,NOP,32,4,0,4,36.9,17.8,7.8,18.5,41.9,1.8,7.3,24.1,0.5,0.5,100.0,0.5,4.3,4.8,4.8,4.0,1.8,0.8,3.5,34.1,0.0,0.0,-13.3
31,Brook Lopez,MIL,36,6,2,4,33.4,17.7,7.3,12.5,58.7,1.7,3.8,43.5,1.3,2.5,53.3,1.8,2.5,4.3,1.8,1.5,0.0,1.3,1.7,28.1,0.0,0.0,-5.8
32,Jarrett Allen,CLE,26,4,2,2,31.7,17.0,6.3,9.3,67.6,0.0,0.0,0.0,4.5,6.5,69.2,3.8,10.0,13.8,1.3,1.3,1.3,1.0,2.0,40.9,2.0,0.0,-2.0
32,Myles Turner,IND,28,17,8,9,32.4,17.0,6.2,12.1,51.7,2.3,5.1,45.3,2.2,2.9,76.0,1.5,5.1,6.6,2.1,1.9,0.5,1.5,2.6,32.0,3.0,0.0,3.2
34,Austin Reaves,LAL,25,5,1,4,34.8,16.8,6.0,12.6,47.6,1.4,5.2,26.9,3.4,3.8,89.5,1.0,2.8,3.8,3.6,0.8,1.4,0.6,1.6,32.0,0.0,0.0,-1.8
34,Tyler Herro,MIA,24,5,1,4,37.0,16.8,6.0,15.6,38.5,3.0,8.6,34.9,1.8,2.0,90.0,0.0,3.6,3.6,5.4,2.8,0.4,0.0,2.0,27.6,1.0,0.0,-8.6
36,Bobby Portis,MIL,29,6,2,4,31.1,16.5,7.3,15.2,48.4,0.5,2.0,25.0,1.3,2.2,61.5,2.7,8.7,11.3,1.0,1.5,0.5,0.2,2.2,32.1,5.0,0.0,6.0
36,Bradley Beal,PHX,30,4,0,4,38.5,16.5,6.5,14.8,44.1,2.5,5.8,43.5,1.0,1.3,80.0,1.5,1.3,2.8,4.5,3.3,0.8,0.3,3.8,26.3,0.0,0.0,-12.8
38,Ivica Zubac,LAC,27,6,2,4,32.0,16.2,7.0,11.7,60.0,0.0,0.0,0.0,2.2,3.3,65.0,3.0,6.3,9.3,1.0,1.3,0.8,0.5,3.5,31.5,3.0,0.0,-1.3
39,Evan Mobley,CLE,22,12,5,7,35.2,16.0,6.8,12.2,55.5,0.4,1.5,27.8,2.1,3.0,69.4,2.5,6.8,9.3,2.3,1.8,0.8,2.2,2.8,37.8,5.0,0.0,-2.7
40,Michael Porter Jr.,DEN,25,12,7,5,36.9,15.8,5.7,12.2,46.6,2.8,6.8,40.7,1.7,2.2,76.9,0.7,6.2,6.8,1.1,1.5,0.9,0.8,2.3,29.3,2.0,0.0,-0.8
41,Darius Garland,CLE,24,12,5,7,36.0,15.7,6.1,14.3,42.7,2.1,5.9,35.2,1.4,1.8,81.0,0.1,3.5,3.6,5.8,2.3,1.1,0.2,2.8,30.1,0.0,0.0,-6.2
42,Chet Holmgren,OKC,22,10,6,4,34.5,15.6,5.9,11.9,49.6,1.3,5.0,26.0,2.5,3.3,75.8,1.4,5.8,7.2,2.1,1.9,0.7,2.5,2.6,35.1,1.0,0.0,7.5
43,OG Anunoby,NYK,26,9,6,3,36.0,15.1,6.2,12.3,50.5,1.8,4.3,41.0,0.9,1.4,61.5,0.8,5.2,6.0,1.1,1.1,0.9,1.0,1.7,28.5,1.0,0.0,0.3
44,Andrew Nembhard,IND,24,17,8,9,32.6,14.9,6.0,10.7,56.0,1.7,3.5,48.3,1.2,1.5,76.9,0.8,2.5,3.3,5.5,1.4,0.4,0.2,3.3,27.5,1.0,0.0,1.1
45,Alec Burks,NYK,32,6,2,4,20.1,14.8,4.2,8.3,50.0,2.0,4.7,42.9,4.5,5.3,84.4,0.7,2.7,3.3,1.0,0.0,0.2,0.2,1.0,21.3,0.0,0.0,-3.5
46,Jalen Suggs,ORL,22,7,3,4,33.2,14.7,4.7,11.7,40.2,2.0,6.9,29.2,3.3,4.3,76.7,1.6,3.6,5.1,3.3,2.9,1.3,0.4,2.6,28.1,0.0,0.0,3.7
47,Josh Hart,NYK,29,13,7,6,42.1,14.5,5.1,11.5,44.0,1.7,4.5,37.3,2.7,3.7,72.9,2.8,8.7,11.5,4.5,2.6,1.0,0.8,3.2,37.9,7.0,0.0,-3.5
48,Jonas Valanciunas,NOP,32,4,0,4,22.4,14.5,5.5,10.5,52.4,0.0,0.3,0.0,3.5,4.3,82.4,4.5,6.5,11.0,1.3,2.5,0.5,0.0,2.3,28.6,2.0,0.0,-8.0
49,Aaron Gordon,DEN,28,12,7,5,37.1,14.3,5.8,9.8,58.5,0.9,2.3,40.7,1.9,2.3,82.1,3.0,4.3,7.3,4.4,1.5,0.8,0.6,2.3,32.4,3.0,0.0,-3.8
50,Brandon Ingram,NOP,26,4,0,4,36.4,14.3,4.8,13.8,34.5,0.5,2.0,25.0,4.3,4.8,89.5,0.3,4.3,4.5,3.3,2.3,1.0,1.3,2.0,29.0,0.0,0.0,-11.0
,,,,,,,,,,,,,,,,,,,,,,,,,,,,,
51,D'Angelo Russell,LAL,28,5,1,4,36.9,14.2,5.6,14.6,38.4,2.8,8.8,31.8,0.2,0.4,50.0,0.2,2.6,2.8,4.2,1.8,0.8,0.2,1.2,25.1,0.0,0.0,4.4
52,P.J. Washington,DAL,25,15,11,4,36.3,14.0,5.0,11.2,44.6,2.5,6.6,37.4,1.5,2.3,65.7,1.5,5.3,6.8,1.3,1.3,0.9,0.9,3.1,28.2,3.0,0.0,4.8
53,Kelly Oubre Jr.,PHI,28,6,2,4,37.3,13.2,5.2,10.7,48.4,1.5,3.8,39.1,1.3,1.8,72.7,1.5,2.5,4.0,1.7,1.3,1.8,1.2,4.0,28.1,0.0,0.0,3.8
54,Herbert Jones,NOP,25,4,0,4,35.2,13.0,4.0,10.3,39.0,2.0,6.0,33.3,3.0,3.0,100.0,1.5,3.5,5.0,2.5,2.8,1.3,0.3,3.8,24.5,0.0,0.0,-11.8
55,Norman Powell,LAC,31,6,2,4,29.8,12.8,4.3,10.2,42.6,2.2,4.8,44.8,2.0,2.5,80.0,0.5,2.3,2.8,0.3,1.2,0.5,0.0,3.3,17.1,0.0,0.0,-3.7
56,Jaime Jaquez Jr.,MIA,23,4,1,3,30.6,12.8,5.3,13.0,40.4,0.8,3.3,23.1,1.5,1.8,85.7,0.5,2.8,3.3,3.0,1.8,0.8,0.5,1.5,23.2,0.0,0.0,-5.8
57,Jrue Holiday,BOS,33,14,12,2,37.9,12.7,4.8,9.8,48.9,1.9,4.9,39.7,1.2,1.3,94.4,1.7,3.9,5.6,4.6,1.6,1.3,0.6,1.9,30.5,1.0,0.0,9.5
58,Jaden McDaniels,MIN,23,14,8,6,34.1,12.6,4.6,9.0,51.6,1.4,3.4,41.7,1.9,2.5,77.1,2.0,2.2,4.2,1.3,1.1,0.9,1.1,3.4,24.5,0.0,0.0,4.7
59,Kristaps Porzingis,BOS,28,4,3,1,26.2,12.3,3.5,9.0,38.9,2.0,5.0,40.0,3.3,3.5,92.9,1.0,4.0,5.0,1.8,1.0,1.3,1.5,2.5,28.1,0.0,0.0,1.5
60,Rudy Gobert,MIN,31,13,7,6,34.4,12.2,4.3,7.0,61.5,0.0,0.0,0.0,3.6,5.2,69.1,2.9,7.2,10.2,1.7,1.5,1.0,1.1,3.8,31.7,5.0,0.0,8.8
61,Kawhi Leonard,LAC,32,2,0,2,29.7,12.0,5.5,12.0,45.8,0.0,2.5,0.0,1.0,1.5,66.7,1.5,6.5,8.0,2.0,2.0,2.0,0.5,1.5,30.1,0.0,0.0,-6.0
62,Naz Reid,MIN,24,14,8,6,22.4,11.9,4.3,9.0,47.6,1.8,4.6,39.1,1.5,2.1,72.4,0.5,3.1,3.6,1.0,0.7,0.6,0.7,1.9,20.8,1.0,0.0,0.1
63,Mike Conley,MIN,36,13,8,5,32.2,11.8,4.2,10.1,42.0,2.2,5.3,40.6,1.2,1.7,68.2,0.7,3.2,3.9,5.9,1.5,1.2,0.2,2.8,28.1,1.0,0.0,6.0
64,T.J. McConnell,IND,32,17,8,9,20.5,11.8,5.3,10.9,48.6,0.4,1.5,26.9,0.8,0.9,86.7,0.6,2.4,3.1,5.1,1.2,0.9,0.1,1.5,24.8,2.0,0.0,-0.3
65,Caleb Martin,MIA,28,5,1,4,35.1,11.6,4.2,9.0,46.7,2.2,5.0,44.0,1.0,1.0,100.0,1.0,2.6,3.6,1.4,0.6,0.6,0.0,2.8,19.2,0.0,0.0,-11.8
66,Trey Murphy III,NOP,23,4,0,4,42.0,11.5,4.5,12.0,37.5,2.5,7.5,33.3,0.0,0.0,0.0,0.8,5.8,6.5,2.3,2.0,1.3,1.5,3.0,28.9,0.0,0.0,-15.0
67,Miles McBride,NYK,23,13,7,6,26.7,11.0,4.2,9.5,43.5,1.9,5.2,36.8,0.8,0.9,83.3,0.5,1.7,2.2,1.9,0.8,0.5,0.2,2.3,17.8,0.0,0.0,-2.8
68,Obi Toppin,IND,26,17,8,9,20.2,10.9,4.3,7.9,54.1,1.2,3.3,35.7,1.1,1.5,76.0,0.6,3.8,4.4,1.7,0.8,0.4,0.4,1.2,20.0,0.0,0.0,-0.6
69,Luguentz Dort,OKC,25,10,6,4,35.0,10.7,3.3,9.1,36.3,2.5,6.4,39.1,1.6,1.9,84.2,1.9,2.7,4.6,2.0,1.1,1.3,0.2,4.2,22.6,0.0,0.0,3.5
70,Aaron Nesmith,IND,24,17,8,9,32.9,10.5,3.6,8.3,43.3,1.3,4.6,27.8,2.0,2.2,91.9,1.1,3.8,4.9,2.2,1.4,0.6,0.5,3.9,21.8,0.0,0.0,0.8
71,Derrick Jones Jr.,DAL,27,15,11,4,31.1,10.2,3.9,7.9,50.0,1.2,3.2,37.5,1.1,1.5,73.9,1.6,2.1,3.7,1.2,1.0,0.5,1.1,2.8,20.2,0.0,0.0,2.9
72,Caris LeVert,CLE,29,11,5,6,25.3,10.1,4.0,9.3,43.1,0.5,3.0,18.2,1.5,2.4,65.4,0.7,2.9,3.6,2.3,1.3,0.8,0.5,1.3,20.7,0.0,0.0,-3.3
73,Al Horford,BOS,37,14,12,2,30.4,9.9,3.8,8.1,46.9,1.9,5.6,34.6,0.4,0.6,66.7,2.1,5.1,7.3,1.9,0.6,0.6,0.9,1.4,25.6,1.0,0.0,9.4
74,Max Strus,CLE,28,12,5,7,36.1,9.5,3.5,8.6,40.8,2.1,6.0,34.7,0.4,0.4,100.0,0.7,4.7,5.3,2.9,1.3,0.8,0.0,3.4,21.3,0.0,0.0,-2.7
75,Nikola Jovic,MIA,20,5,1,4,25.7,9.4,3.2,7.2,44.4,1.8,4.4,40.9,1.2,1.4,85.7,0.4,6.2,6.6,2.2,1.2,1.0,0.6,1.8,24.2,0.0,0.0,-11.4
76,Terance Mann,LAC,27,6,2,4,31.2,9.3,3.2,7.7,41.3,1.7,3.7,45.5,1.3,1.3,100.0,2.8,2.2,5.0,1.8,0.8,0.0,0.0,3.2,17.3,0.0,0.0,-4.2
77,Naji Marshall,NOP,26,4,0,4,21.0,9.0,3.0,7.0,42.9,1.5,3.8,40.0,1.5,1.5,100.0,0.8,2.0,2.8,1.3,0.5,0.5,0.5,2.3,16.7,0.0,0.0,-7.8
77,Tobias Harris,PHI,31,6,2,4,36.4,9.0,3.7,8.5,43.1,1.0,3.0,33.3,0.7,0.7,100.0,1.5,5.7,7.2,1.5,0.5,0.2,0.5,1.8,21.4,0.0,0.0,-1.5
79,Daniel Gafford,DAL,25,15,11,4,21.3,8.9,3.5,6.1,57.6,0.0,0.0,0.0,1.9,3.1,59.6,1.9,3.6,5.5,0.8,1.1,0.3,1.7,1.7,21.7,1.0,0.0,-3.7
80,Malik Beasley,MIL,27,6,2,4,21.8,8.8,3.5,6.8,51.2,1.8,4.2,44.0,0.0,0.0,0.0,0.2,2.3,2.5,0.7,0.5,0.7,0.0,1.5,14.3,0.0,0.0,-6.3
81,Josh Giddey,OKC,21,10,6,4,18.1,8.7,3.4,7.5,45.3,1.2,3.4,35.3,0.7,0.8,87.5,0.7,2.9,3.6,2.1,1.2,0.2,0.4,0.9,16.8,0.0,0.0,3.9
82,Dereck Lively II,DAL,20,15,11,4,21.5,8.5,3.3,5.0,65.3,0.0,0.0,0.0,2.0,3.2,62.5,2.7,4.5,7.1,1.5,1.0,0.3,1.1,2.3,22.5,2.0,0.0,7.3
83,Isaiah Hartenstein,NYK,26,13,7,6,29.8,8.5,3.5,5.8,59.2,0.1,0.2,50.0,1.5,1.7,86.4,3.8,4.1,7.8,3.5,1.5,0.3,0.9,3.2,25.4,1.0,0.0,-5.5
84,Patrick Beverley,MIL,35,6,2,4,34.9,8.2,2.7,6.5,41.0,0.7,1.8,36.4,2.2,2.5,86.7,0.7,2.7,3.3,5.5,1.0,1.0,0.7,2.7,24.4,1.0,0.0,-0.2
85,Kentavious Caldwell-Pope,DEN,31,12,7,5,35.0,8.1,2.8,7.2,39.5,1.5,4.6,32.7,0.9,0.9,100.0,0.4,2.5,2.9,2.6,0.8,1.4,0.4,3.1,20.1,0.0,0.0,-0.3
86,Delon Wright,MIA,32,4,1,3,26.8,8.0,3.0,5.0,60.0,1.5,2.5,60.0,0.5,0.5,100.0,0.5,2.5,3.0,1.8,0.0,1.0,0.3,1.3,18.0,0.0,0.0,-5.3
86,Eric Gordon,PHX,35,4,0,4,29.4,8.0,2.3,7.0,32.1,1.8,4.3,41.2,1.8,2.0,87.5,0.3,1.5,1.8,1.3,1.0,1.3,0.5,1.3,16.2,0.0,0.0,-6.5
88,Nickeil Alexander-Walker,MIN,25,14,8,6,25.1,7.9,2.8,7.5,37.1,1.6,5.4,29.3,0.7,0.7,100.0,0.4,1.5,1.9,2.6,1.0,0.5,0.4,1.6,15.7,0.0,0.0,0.9
89,Rui Hachimura,LAL,26,5,1,4,30.5,7.8,3.0,7.6,39.5,1.0,2.8,35.7,0.8,1.6,50.0,1.2,2.6,3.8,0.8,0.4,0.0,0.0,1.6,13.2,0.0,0.0,-4.8
90,Jusuf Nurkic,PHX,29,4,0,4,25.9,7.8,3.3,6.5,50.0,0.0,0.5,0.0,1.3,2.8,45.5,3.3,5.0,8.3,2.8,1.5,1.5,1.5,3.8,29.3,1.0,0.0,-10.0
91,Wendell Carter Jr.,ORL,25,7,3,4,26.4,7.6,2.7,6.7,40.4,1.0,3.6,28.0,1.1,1.6,72.7,1.3,5.0,6.3,1.3,0.7,0.7,0.6,2.9,20.2,0.0,0.0,3.1
92,Payton Pritchard,BOS,26,14,12,2,21.0,7.5,2.6,5.5,48.1,1.4,3.1,45.5,0.8,0.9,91.7,0.9,1.3,2.1,2.3,0.8,0.2,0.0,1.1,13.4,0.0,0.0,1.9
93,Taurean Prince,LAL,30,5,1,4,22.2,7.4,2.4,5.8,41.4,1.0,3.4,29.4,1.6,1.6,100.0,0.2,2.2,2.4,0.6,0.2,0.2,0.4,1.8,12.8,0.0,0.0,-0.6
94,Kyle Lowry,PHI,38,6,2,4,29.2,7.0,1.8,5.3,34.4,1.3,4.0,33.3,2.0,2.5,80.0,1.0,2.5,3.5,4.0,0.7,1.0,0.7,3.8,21.5,0.0,0.0,2.8
95,Markelle Fultz,ORL,25,7,3,4,15.1,6.4,2.9,4.9,58.8,0.0,0.1,0.0,0.7,1.3,55.6,1.0,1.0,2.0,1.1,1.1,0.4,0.0,1.7,10.7,0.0,0.0,4.6
96,Isaiah Joe,OKC,24,10,6,4,17.3,6.4,2.4,5.4,44.4,1.6,3.9,41.0,0.0,0.0,0.0,0.4,1.8,2.2,1.0,0.5,0.5,0.0,1.0,11.5,0.0,0.0,1.3
97,Nicolas Batum,PHI,35,6,2,4,28.3,6.3,2.0,4.8,41.4,1.5,3.7,40.9,0.8,1.3,62.5,1.5,4.3,5.8,1.3,0.8,0.2,0.8,2.2,17.5,0.0,0.0,-3.0
97,Russell Westbrook,LAC,35,6,2,4,19.0,6.3,2.2,8.3,26.0,0.7,2.8,23.5,1.3,2.2,61.5,1.0,3.2,4.2,1.7,1.7,1.2,0.5,1.8,17.2,0.0,0.0,0.2
99,Jonathan Isaac,ORL,26,7,3,4,21.0,6.3,2.3,5.6,41.0,1.4,3.9,37.0,0.3,0.3,100.0,1.4,3.4,4.9,0.4,0.6,0.7,1.3,1.0,18.2,0.0,0.0,0.9
99,Moritz Wagner,ORL,27,7,3,4,15.0,6.3,2.3,5.1,44.4,0.3,1.3,22.2,1.4,2.4,58.8,1.6,2.9,4.4,0.3,1.1,0.9,0.4,3.0,14.7,0.0,0.0,4.9
,,,,,,,,,,,,,,,,,,,,,,,,,,,,,
101,Larry Nance Jr.,NOP,31,4,0,4,21.1,6.3,2.5,4.3,58.8,0.3,1.0,25.0,1.0,1.5,66.7,3.8,4.5,8.3,1.8,1.8,0.5,0.0,2.3,18.5,0.0,0.0,-4.5
102,Aaron Wiggins,OKC,25,10,6,4,15.7,6.2,2.3,4.7,48.9,0.6,2.0,30.0,1.0,1.1,90.9,0.9,2.3,3.2,1.0,0.9,0.6,0.3,0.8,13.3,0.0,0.0,2.2
103,Marcus Morris Sr.,CLE,34,9,3,6,15.3,6.1,2.4,5.3,45.8,1.0,2.6,39.1,0.2,0.3,66.7,0.2,2.6,2.8,0.3,0.3,0.4,0.0,0.9,10.9,0.0,0.0,-4.3
104,Bojan Bogdanovic,NYK,35,4,3,1,12.7,6.0,1.8,6.0,29.2,1.5,3.8,40.0,1.0,1.8,57.1,0.3,2.8,3.0,1.0,0.3,0.0,0.3,0.8,11.6,0.0,0.0,8.0
104,Patty Mills,MIA,35,3,0,3,17.2,6.0,2.0,5.7,35.3,1.0,3.7,27.3,1.0,1.3,75.0,0.3,0.0,0.3,1.0,0.3,0.3,0.0,0.7,8.6,0.0,0.0,-3.0
104,Thomas Bryant,MIA,26,2,0,2,8.9,6.0,2.5,3.5,71.4,0.0,1.0,0.0,1.0,1.5,66.7,1.0,1.5,2.5,0.5,1.0,0.0,0.0,0.5,8.8,0.0,0.0,-2.0
107,Drew Eubanks,PHX,27,3,0,3,12.5,5.7,2.3,4.0,58.3,0.0,0.0,0.0,1.0,1.0,100.0,0.0,1.3,1.3,0.0,0.7,0.7,0.3,2.0,9.6,0.0,0.0,-4.0
107,Maxi Kleber,DAL,32,6,4,2,19.4,5.7,1.8,3.5,52.4,1.7,3.0,55.6,0.3,0.7,50.0,0.5,2.2,2.7,1.5,0.5,0.2,0.5,1.3,12.6,0.0,0.0,2.8
109,Cameron Payne,PHI,29,5,2,3,12.2,5.6,2.0,5.0,40.0,1.6,3.6,44.4,0.0,0.0,0.0,0.0,1.2,1.2,1.4,0.6,0.2,0.8,2.0,11.5,0.0,0.0,-1.2
110,Buddy Hield,PHI,31,4,1,3,12.7,5.5,1.8,4.3,41.2,1.5,3.3,46.2,0.5,0.5,100.0,0.5,0.8,1.3,0.5,0.5,0.0,0.3,1.0,8.0,0.0,0.0,-1.3
110,Isaac Okoro,CLE,23,12,5,7,21.9,5.5,2.1,5.8,35.7,0.8,2.9,25.7,0.6,0.8,77.8,0.4,1.3,1.8,1.1,0.9,0.9,0.3,2.5,12.1,0.0,0.0,-2.6
110,P.J. Tucker,LAC,39,2,0,2,15.3,5.5,2.0,3.0,66.7,1.5,2.0,75.0,0.0,0.0,0.0,1.5,0.0,1.5,0.0,1.5,0.0,0.0,3.0,5.8,0.0,0.0,-12.0
113,Precious Achiuwa,NYK,24,9,4,5,20.5,5.2,2.3,4.8,48.8,0.0,0.3,0.0,0.6,1.4,38.5,2.4,1.8,4.2,0.6,0.4,0.4,1.3,2.2,16.0,0.0,0.0,-2.7
114,Ben Sheppard,IND,22,17,8,9,19.7,5.2,1.8,4.2,43.7,1.1,2.9,38.0,0.4,0.5,77.8,0.6,2.4,3.0,1.0,0.6,0.5,0.1,1.9,11.2,0.0,0.0,1.7
115,Cole Anthony,ORL,24,7,3,4,14.7,5.1,1.9,5.9,31.7,0.3,1.9,15.4,1.1,1.3,88.9,0.3,1.9,2.1,1.3,0.7,0.6,0.1,2.3,11.1,0.0,0.0,1.9
116,Christian Braun,DEN,23,12,7,5,17.0,5.1,1.9,4.5,42.6,0.3,1.5,22.2,0.9,1.3,68.8,0.8,1.9,2.7,0.8,0.1,0.2,0.4,1.5,11.1,0.0,0.0,0.7
117,Josh Green,DAL,23,15,11,4,17.8,5.0,1.7,3.9,42.4,1.1,2.9,37.2,0.6,0.7,81.8,1.1,1.7,2.7,1.2,0.4,0.8,0.2,1.5,12.7,0.0,0.0,-0.2
117,Royce O'Neale,PHX,30,4,0,4,26.1,5.0,1.8,5.5,31.8,1.5,4.5,33.3,0.0,0.0,0.0,1.3,3.5,4.8,1.0,0.5,0.3,0.0,2.8,12.5,0.0,0.0,-11.5
119,Haywood Highsmith,MIA,27,5,1,4,25.1,4.8,2.0,5.6,35.7,0.6,3.2,18.8,0.2,0.2,100.0,0.4,2.4,2.8,1.6,0.8,0.2,0.2,2.8,11.0,0.0,0.0,-12.2
120,Tim Hardaway Jr.,DAL,32,10,7,3,13.0,4.6,1.7,4.3,39.5,0.8,2.5,32.0,0.4,0.8,50.0,0.2,1.7,1.9,0.4,0.2,0.4,0.1,0.7,8.8,0.0,0.0,-2.6
121,Pat Connaughton,MIL,31,6,2,4,20.7,4.5,1.8,4.2,44.0,0.5,1.8,27.3,0.3,0.3,100.0,0.5,3.3,3.8,2.2,0.5,1.0,0.2,1.0,15.4,0.0,0.0,0.0
122,Sam Hauser,BOS,26,14,12,2,14.7,4.4,1.6,4.1,38.6,1.1,3.4,33.3,0.1,0.1,100.0,0.2,1.7,1.9,0.6,0.2,0.3,0.2,0.9,8.9,0.0,0.0,4.9
123,Jaylin Williams,OKC,21,10,6,4,12.7,4.4,1.6,3.3,48.5,0.9,2.2,40.9,0.3,0.4,75.0,0.4,2.8,3.2,1.5,0.3,0.4,0.3,1.1,12.3,0.0,0.0,-2.9
124,Kyle Anderson,MIN,30,13,7,6,13.4,4.2,1.7,3.5,48.9,0.1,0.3,25.0,0.8,0.9,83.3,1.1,1.5,2.5,2.4,0.7,0.5,0.3,1.6,12.5,0.0,0.0,-1.8
125,Cason Wallace,OKC,20,10,6,4,19.8,4.2,1.6,4.1,39.0,0.9,2.8,32.1,0.1,0.2,50.0,0.7,0.6,1.3,1.0,0.4,0.9,0.2,1.4,10.2,0.0,0.0,3.2
126,Gary Harris,ORL,29,6,2,4,26.5,4.2,1.3,4.7,28.6,1.2,3.7,31.8,0.3,0.3,100.0,0.8,1.2,2.0,0.7,0.3,1.2,0.5,3.0,12.2,0.0,0.0,0.3
127,Luka Garza,MIN,25,6,5,1,3.8,3.8,1.2,1.5,77.8,0.3,0.5,66.7,1.2,1.3,87.5,0.2,0.7,0.8,0.2,0.0,0.0,0.0,0.0,5.1,0.0,0.0,3.2
128,Isaiah Jackson,IND,22,15,6,9,10.2,3.8,1.5,2.9,53.5,0.0,0.0,0.0,0.7,1.2,61.1,1.4,1.8,3.2,0.5,0.3,0.2,0.9,1.6,11.3,0.0,0.0,-0.7
129,Luke Kornet,BOS,28,10,9,1,11.8,3.7,1.3,1.9,68.4,0.0,0.0,0.0,1.1,1.3,84.6,1.7,2.2,3.9,0.5,0.6,0.0,0.5,0.9,10.0,0.0,0.0,-0.3
130,Bones Hyland,LAC,23,3,0,3,4.0,3.7,1.0,2.3,42.9,0.3,1.7,20.0,1.3,1.3,100.0,0.0,0.7,0.7,1.3,0.3,0.0,0.0,0.0,6.1,0.0,0.0,0.7
130,Danilo Gallinari,MIL,35,3,1,2,12.4,3.7,1.3,2.7,50.0,0.0,0.7,0.0,1.0,1.3,75.0,0.3,2.7,3.0,0.7,0.3,0.0,0.0,0.0,7.9,0.0,0.0,-2.0
130,Dean Wade,CLE,27,3,0,3,21.0,3.7,1.3,4.3,30.8,1.0,3.3,30.0,0.0,0.0,0.0,0.3,1.7,2.0,1.7,0.7,0.3,0.7,1.3,10.9,0.0,0.0,-4.3
133,Grayson Allen,PHX,28,2,0,2,21.3,3.5,0.5,2.5,20.0,0.5,2.5,20.0,2.0,2.0,100.0,1.0,3.0,4.0,1.0,1.5,0.5,0.0,2.0,9.8,0.0,0.0,-1.5
133,Josh Okogie,PHX,25,4,0,4,7.3,3.5,1.3,2.3,55.6,0.3,0.8,33.3,0.8,1.5,50.0,0.0,1.0,1.0,0.5,0.5,0.5,0.0,1.8,6.5,0.0,0.0,1.3
133,Reggie Jackson,DEN,34,12,7,5,9.8,3.5,1.3,4.0,33.3,0.7,1.9,34.8,0.2,0.2,100.0,0.2,1.1,1.3,1.0,0.7,0.2,0.1,1.0,6.6,0.0,0.0,0.2
136,Sam Merrill,CLE,28,10,4,6,12.5,3.3,1.0,2.9,34.5,1.0,2.7,37.0,0.3,0.3,100.0,0.2,1.0,1.2,0.9,0.0,0.0,0.0,0.9,6.1,0.0,0.0,-1.1
137,Jaden Hardy,DAL,21,12,9,3,6.3,3.3,1.2,3.3,35.9,0.4,1.3,31.3,0.5,0.8,66.7,0.1,0.6,0.7,1.0,0.3,0.3,0.0,0.8,6.0,0.0,0.0,-2.2
138,Mason Plumlee,LAC,34,6,2,4,11.0,3.2,1.2,3.0,38.9,0.0,0.0,0.0,0.8,1.3,62.5,1.2,2.2,3.3,0.7,0.3,0.5,0.3,2.2,10.3,0.0,0.0,-1.7
139,Anthony Black,ORL,20,2,2,0,5.4,3.0,1.5,3.5,42.9,0.0,1.0,0.0,0.0,0.0,0.0,0.5,0.5,1.0,1.0,0.5,0.5,0.0,0.5,6.7,0.0,0.0,-4.0
139,Chuma Okeke,ORL,25,2,2,0,4.9,3.0,1.0,1.5,66.7,0.5,1.0,50.0,0.5,0.5,100.0,0.0,0.0,0.0,0.5,0.0,0.0,0.0,0.0,3.8,0.0,0.0,-4.0
139,Daniel Theis,LAC,32,1,0,1,4.4,3.0,1.0,1.0,100.0,1.0,1.0,100.0,0.0,0.0,0.0,0.0,1.0,1.0,0.0,0.0,0.0,0.0,0.0,4.2,0.0,0.0,2.0
139,Spencer Dinwiddie,LAL,31,5,1,4,14.6,3.0,1.0,2.8,35.7,0.4,1.6,25.0,0.6,1.2,50.0,0.2,1.2,1.4,1.6,0.2,0.4,0.2,1.4,8.7,0.0,0.0,-3.8
143,Justin Holiday,DEN,35,12,7,5,12.5,2.9,0.9,2.9,31.4,0.9,2.4,37.9,0.2,0.3,50.0,0.1,1.6,1.7,0.3,0.3,0.5,0.0,1.3,6.7,0.0,0.0,2.0
144,AJ Green,MIL,24,6,2,4,11.2,2.8,1.0,2.7,37.5,0.3,1.8,18.2,0.5,0.5,100.0,0.0,1.5,1.5,0.3,0.2,0.0,0.0,1.5,5.0,0.0,0.0,-0.3
144,Amir Coffey,LAC,26,6,2,4,18.7,2.8,1.2,3.7,31.8,0.5,1.8,27.3,0.0,0.0,0.0,0.3,1.3,1.7,0.3,0.8,0.3,0.2,1.0,6.0,0.0,0.0,-6.2
144,Mitchell Robinson,NYK,26,6,4,2,19.1,2.8,1.2,2.3,50.0,0.0,0.0,0.0,0.5,1.3,37.5,3.8,3.0,6.8,0.5,0.5,1.0,1.2,2.5,17.8,0.0,0.0,5.0
147,Georges Niang,CLE,30,10,4,6,12.1,2.8,0.9,4.1,22.0,0.3,2.3,13.0,0.7,0.8,87.5,0.3,0.9,1.2,0.4,0.7,0.4,0.2,1.8,5.9,0.0,0.0,-2.4
148,Duncan Robinson,MIA,30,5,1,4,11.9,2.6,1.0,3.2,31.3,0.6,2.6,23.1,0.0,0.0,0.0,0.0,1.0,1.0,1.2,1.0,0.4,0.0,1.2,5.8,0.0,0.0,-9.2
149,Jett Howard,ORL,20,2,2,0,4.9,2.5,1.0,1.5,66.7,0.5,0.5,100.0,0.0,0.0,0.0,0.0,0.5,0.5,0.5,1.0,0.0,0.0,0.5,2.9,0.0,0.0,-4.0
150,Andre Jackson Jr.,MIL,22,5,1,4,11.9,2.4,1.0,2.2,45.5,0.4,1.2,33.3,0.0,0.0,0.0,1.0,1.2,2.2,2.0,0.6,1.0,0.2,2.0,11.0,0.0,0.0,2.2
,,,,,,,,,,,,,,,,,,,,,,,,,,,,,
151,Julian Strawther,DEN,22,3,1,2,5.3,2.3,0.7,2.0,33.3,0.3,1.3,25.0,0.7,1.3,50.0,0.0,0.7,0.7,0.0,0.3,0.3,0.0,1.0,3.8,0.0,0.0,-4.0
151,Monte Morris,MIN,28,9,6,3,7.4,2.3,1.0,3.3,30.0,0.1,1.6,7.1,0.2,0.2,100.0,0.1,0.6,0.7,1.0,0.0,0.2,0.1,0.7,5.6,0.0,0.0,0.2
153,Jae Crowder,MIL,33,4,1,3,10.5,2.3,0.8,3.0,25.0,0.3,1.8,14.3,0.5,0.5,100.0,0.5,1.0,1.5,0.5,0.0,0.0,0.5,1.0,6.3,0.0,0.0,-6.3
154,DaQuan Jeffries,NYK,26,4,1,3,5.0,2.0,0.8,2.0,37.5,0.5,1.3,40.0,0.0,0.0,0.0,0.3,0.8,1.0,0.0,0.0,0.3,0.0,0.5,4.0,0.0,0.0,3.3
154,DeAndre Jordan,DEN,35,2,1,1,6.5,2.0,0.5,1.0,50.0,0.0,0.0,0.0,1.0,1.0,100.0,0.5,1.0,1.5,0.0,0.0,0.5,0.5,2.0,6.8,0.0,0.0,-10.0
154,Jeremiah Robinson-Earl,NOP,23,1,0,1,5.3,2.0,1.0,2.0,50.0,0.0,0.0,0.0,0.0,2.0,0.0,1.0,0.0,1.0,1.0,0.0,0.0,0.0,0.0,4.7,0.0,0.0,-1.0
157,Jalen Smith,IND,24,7,3,4,6.0,1.9,0.4,1.1,37.5,0.3,0.6,50.0,0.7,1.1,62.5,1.0,1.0,2.0,0.3,0.6,0.3,0.1,1.1,5.4,0.0,0.0,-5.9
158,Kevin Love,MIA,35,5,1,4,6.4,1.8,0.8,1.8,44.4,0.2,0.8,25.0,0.0,0.0,0.0,0.2,2.6,2.8,0.8,0.4,0.0,0.0,0.4,6.0,0.0,0.0,-6.8
158,Peyton Watson,DEN,21,10,6,4,9.0,1.8,0.6,2.4,25.0,0.3,1.2,25.0,0.3,0.6,50.0,0.2,1.3,1.5,0.4,0.3,0.0,0.6,0.9,5.7,0.0,0.0,-3.4
160,Jose Alvarado,NOP,26,4,0,4,15.4,1.8,0.8,5.0,15.0,0.3,3.5,7.1,0.0,0.0,0.0,0.0,1.0,1.0,2.3,1.0,1.3,0.3,0.8,9.8,0.0,0.0,-5.3
160,Nassir Little,PHX,24,4,0,4,3.4,1.8,0.8,1.3,60.0,0.3,0.8,33.3,0.0,0.0,0.0,0.0,0.3,0.3,0.0,0.0,0.0,0.0,0.5,2.1,0.0,0.0,-1.5
162,Brandon Boston Jr.,LAC,22,3,0,3,3.2,1.7,0.7,1.3,50.0,0.0,0.0,0.0,0.3,0.7,50.0,0.3,0.3,0.7,0.3,0.0,0.0,0.0,0.7,3.0,0.0,0.0,1.7
162,Zeke Nnaji,DEN,23,3,1,2,4.7,1.7,0.7,1.0,66.7,0.0,0.0,0.0,0.3,0.7,50.0,0.7,0.0,0.7,0.0,0.7,0.0,0.3,0.3,2.8,0.0,0.0,-1.7
164,Joe Ingles,ORL,36,7,3,4,9.6,1.6,0.6,1.7,33.3,0.3,1.0,28.6,0.1,0.3,50.0,0.3,1.6,1.9,1.7,0.0,0.4,0.0,0.4,7.7,0.0,0.0,2.1
165,Josh Minott,MIN,21,4,3,1,3.8,1.5,0.5,1.8,28.6,0.5,1.0,50.0,0.0,0.0,0.0,0.3,1.0,1.3,0.5,0.0,0.0,0.0,0.5,3.8,0.0,0.0,2.0
165,Paul Reed,PHI,24,6,2,4,7.2,1.5,0.7,1.5,44.4,0.0,0.0,0.0,0.2,0.3,50.0,1.5,1.2,2.7,0.3,0.5,0.2,0.5,1.2,6.7,0.0,0.0,-7.3
165,Tristan Thompson,CLE,33,10,3,7,8.7,1.5,0.7,1.6,43.8,0.0,0.0,0.0,0.1,0.2,50.0,1.0,1.0,2.0,1.0,0.2,0.1,0.5,0.9,7.0,0.0,0.0,-3.2
168,Gabe Vincent,LAL,27,5,1,4,13.8,1.4,0.6,2.4,25.0,0.2,1.4,14.3,0.0,0.0,0.0,0.2,1.4,1.6,0.6,0.6,0.4,0.0,1.6,4.8,0.0,0.0,-1.8
168,Jericho Sims,NYK,25,5,1,4,5.5,1.4,0.4,0.4,100.0,0.0,0.0,0.0,0.6,0.8,75.0,0.6,1.0,1.6,0.2,0.0,0.4,0.2,0.2,5.4,0.0,0.0,1.6
170,Dante Exum,DAL,28,14,10,4,6.2,1.4,0.5,2.1,23.3,0.1,0.9,16.7,0.2,0.3,75.0,0.1,0.5,0.6,0.6,0.1,0.1,0.1,0.4,3.4,0.0,0.0,-2.1
171,Dyson Daniels,NOP,21,3,0,3,5.7,1.3,0.7,2.0,33.3,0.0,0.7,0.0,0.0,0.0,0.0,0.0,0.7,0.7,0.0,0.3,0.7,0.0,0.0,3.8,0.0,0.0,-4.3
171,Jaden Springer,BOS,21,3,2,1,4.7,1.3,0.7,0.7,100.0,0.0,0.0,0.0,0.0,0.0,0.0,0.0,0.3,0.3,0.3,0.7,0.0,0.3,0.3,2.6,0.0,0.0,1.0
171,Jalen Pickett,DEN,24,3,1,2,3.6,1.3,0.7,1.0,66.7,0.0,0.3,0.0,0.0,0.0,0.0,0.0,0.3,0.3,0.3,0.0,0.0,0.3,0.3,3.2,0.0,0.0,-0.7
174,Doug McDermott,IND,32,10,4,6,6.4,1.3,0.5,1.1,45.5,0.3,0.8,37.5,0.0,0.0,0.0,0.2,0.1,0.3,0.7,0.1,0.0,0.2,0.5,3.2,0.0,0.0,-1.9
175,Oshae Brissett,BOS,25,7,6,1,5.2,1.3,0.6,1.0,57.1,0.1,0.1,100.0,0.0,0.3,0.0,0.3,1.3,1.6,0.0,0.1,0.4,0.1,0.3,4.7,0.0,0.0,1.9
176,Shake Milton,NYK,27,4,1,3,5.5,1.3,0.0,1.5,0.0,0.0,0.5,0.0,1.3,1.5,83.3,0.0,0.3,0.3,0.5,0.0,0.3,0.0,0.0,3.1,0.0,0.0,2.8
177,A.J. Lawson,DAL,23,7,5,2,2.3,1.1,0.4,0.9,50.0,0.3,0.7,40.0,0.0,0.0,0.0,0.1,0.3,0.4,0.0,0.0,0.0,0.1,0.1,2.1,0.0,0.0,-1.4
178,Caleb Houstan,ORL,21,3,2,1,4.7,1.0,0.3,0.7,50.0,0.3,0.7,50.0,0.0,0.0,0.0,0.3,0.3,0.7,0.0,0.0,0.0,0.0,0.0,1.8,0.0,0.0,-4.3
178,Chris Livingston,MIL,20,2,0,2,3.1,1.0,0.5,0.5,100.0,0.0,0.0,0.0,0.0,1.5,0.0,0.0,0.0,0.0,0.0,0.0,0.0,0.0,0.0,1.0,0.0,0.0,0.0
178,James Johnson,IND,37,1,0,1,1.0,1.0,0.0,0.0,0.0,0.0,0.0,0.0,1.0,2.0,50.0,0.0,0.0,0.0,0.0,1.0,0.0,0.0,0.0,0.0,0.0,0.0,1.0
178,Jordan Walsh,BOS,20,2,1,1,3.0,1.0,0.5,0.5,100.0,0.0,0.0,0.0,0.0,0.0,0.0,0.0,0.5,0.5,0.0,0.0,0.0,0.0,0.0,1.6,0.0,0.0,-0.5
178,Neemias Queta,BOS,24,2,1,1,4.0,1.0,0.5,1.0,50.0,0.0,0.0,0.0,0.0,0.0,0.0,0.5,1.0,1.5,0.0,0.0,0.0,0.0,0.0,2.8,0.0,0.0,2.0
178,Xavier Tillman,BOS,25,6,5,1,8.4,1.0,0.5,0.8,60.0,0.0,0.0,0.0,0.0,0.0,0.0,0.3,1.2,1.5,0.3,0.3,0.5,0.2,0.7,5.0,0.0,0.0,4.3
184,Jarace Walker,IND,20,9,6,3,3.4,0.9,0.3,1.1,30.0,0.0,0.3,0.0,0.2,0.3,66.7,0.1,0.3,0.4,0.4,0.7,0.2,0.1,0.2,2.4,0.0,0.0,-2.0
185,Jordan McLaughlin,MIN,28,5,4,1,4.9,0.8,0.4,1.2,33.3,0.0,0.8,0.0,0.0,0.4,0.0,0.0,0.8,0.8,0.4,0.4,0.0,0.0,0.2,2.0,0.0,0.0,4.2
186,MarJon Beauchamp,MIL,23,4,1,3,2.4,0.8,0.3,1.0,25.0,0.0,0.5,0.0,0.3,0.5,50.0,0.0,0.3,0.3,0.5,0.3,0.0,0.0,0.3,1.6,0.0,0.0,0.8
187,Bol Bol,PHX,24,3,0,3,4.3,0.7,0.3,1.0,33.3,0.0,0.0,0.0,0.0,0.0,0.0,0.0,1.3,1.3,0.0,0.0,0.3,0.0,0.7,3.3,0.0,0.0,0.3
188,Svi Mykhailiuk,BOS,26,5,4,1,3.7,0.6,0.2,0.8,25.0,0.2,0.8,25.0,0.0,0.0,0.0,0.2,0.4,0.6,0.2,0.4,0.2,0.0,0.6,1.8,0.0,0.0,0.2
189,Kendall Brown,IND,21,7,5,2,3.5,0.6,0.3,0.9,33.3,0.0,0.0,0.0,0.0,0.0,0.0,0.0,0.4,0.4,0.3,0.4,0.0,0.1,0.3,1.5,0.0,0.0,-2.9
189,Kenrich Williams,OKC,29,7,6,1,4.5,0.6,0.3,1.1,25.0,0.0,0.7,0.0,0.0,0.0,0.0,0.1,1.0,1.1,0.4,0.0,0.1,0.0,0.4,3.0,0.0,0.0,-0.9
191,Dwight Powell,DAL,32,8,6,2,2.8,0.5,0.0,0.3,0.0,0.0,0.0,0.0,0.5,0.8,66.7,0.3,0.6,0.9,0.1,0.0,0.1,0.0,0.6,2.1,0.0,0.0,-1.5
191,Mamadi Diakite,NYK,27,4,1,3,3.7,0.5,0.0,0.8,0.0,0.0,0.5,0.0,0.5,0.5,100.0,0.0,0.8,0.8,0.3,0.3,0.3,0.3,0.8,3.0,0.0,0.0,3.3
191,Ousmane Dieng,OKC,21,4,2,2,1.8,0.5,0.3,0.5,50.0,0.0,0.3,0.0,0.0,0.0,0.0,0.0,0.0,0.0,0.0,0.0,0.0,0.0,0.0,0.5,0.0,0.0,0.0
194,Wendell Moore Jr.,MIN,22,5,5,0,3.1,0.4,0.2,0.8,25.0,0.0,0.4,0.0,0.0,0.0,0.0,0.0,0.4,0.4,0.4,0.2,0.2,0.0,0.4,1.9,0.0,0.0,1.0
195,Hunter Tyson,DEN,23,3,1,2,4.6,0.3,0.0,1.3,0.0,0.0,1.0,0.0,0.3,0.7,50.0,0.3,0.7,1.0,0.3,0.3,0.0,0.0,0.0,1.7,0.0,0.0,-2.3
196,Jaxson Hayes,LAL,24,4,1,3,6.0,0.3,0.0,0.5,0.0,0.0,0.0,0.0,0.3,0.5,50.0,0.8,2.3,3.0,0.3,0.5,0.0,0.0,1.8,3.7,0.0,0.0,1.8
197,Damian Jones,CLE,28,2,1,1,4.6,0.0,0.0,0.0,0.0,0.0,0.0,0.0,0.0,0.0,0.0,0.5,0.5,1.0,1.0,1.0,0.0,0.5,0.0,3.2,0.0,0.0,-1.5
197,David Roddy,PHX,23,2,0,2,1.4,0.0,0.0,0.0,0.0,0.0,0.0,0.0,0.0,0.0,0.0,0.0,0.0,0.0,0.0,0.0,0.0,0.0,0.0,0.0,0.0,0.0,2.5
197,De'Anthony Melton,PHI,26,1,0,1,7.2,0.0,0.0,2.0,0.0,0.0,2.0,0.0,0.0,0.0,0.0,0.0,1.0,1.0,1.0,0.0,0.0,0.0,1.0,2.7,0.0,0.0,-1.0
197,E.J. Liddell,NOP,23,1,0,1,2.5,0.0,0.0,0.0,0.0,0.0,0.0,0.0,0.0,0.0,0.0,0.0,1.0,1.0,0.0,0.0,0.0,0.0,0.0,1.2,0.0,0.0,2.0
,,,,,,,,,,,,,,,,,,,,,,,,,,,,,
197,Goga Bitadze,ORL,24,2,2,0,4.9,0.0,0.0,1.0,0.0,0.0,0.0,0.0,0.0,0.0,0.0,0.5,1.0,1.5,1.0,0.5,0.0,0.0,0.0,2.8,0.0,0.0,-4.0
197,Gordon Hayward,OKC,34,7,5,2,6.6,0.0,0.0,0.4,0.0,0.0,0.0,0.0,0.0,0.0,0.0,0.1,1.7,1.9,0.4,0.0,0.1,0.1,0.3,3.7,0.0,0.0,2.3
197,Isaiah Thomas,PHX,35,1,0,1,3.6,0.0,0.0,2.0,0.0,0.0,1.0,0.0,0.0,0.0,0.0,0.0,0.0,0.0,0.0,1.0,0.0,0.0,0.0,-1.0,0.0,0.0,-5.0
197,Jordan Hawkins,NOP,22,3,0,3,3.8,0.0,0.0,1.3,0.0,0.0,1.0,0.0,0.0,0.0,0.0,0.0,0.7,0.7,0.0,0.0,0.0,0.0,0.3,0.8,0.0,0.0,0.3
197,Kobe Brown,LAC,24,3,0,3,3.2,0.0,0.0,0.0,0.0,0.0,0.0,0.0,0.0,0.0,0.0,0.3,0.3,0.7,0.0,0.0,0.0,0.0,0.3,0.8,0.0,0.0,1.0
197,Leonard Miller,MIN,20,2,2,0,1.9,0.0,0.0,0.5,0.0,0.0,0.5,0.0,0.0,0.0,0.0,0.0,1.0,1.0,0.0,0.0,0.0,0.0,0.0,1.2,0.0,0.0,1.5
197,Lindy Waters III,OKC,26,3,3,0,2.8,0.0,0.0,0.3,0.0,0.0,0.3,0.0,0.0,0.0,0.0,0.0,0.3,0.3,0.0,0.0,0.0,0.0,0.0,0.4,0.0,0.0,-1.3
197,Matt Ryan,NOP,27,1,0,1,2.5,0.0,0.0,1.0,0.0,0.0,1.0,0.0,0.0,0.0,0.0,0.0,1.0,1.0,0.0,1.0,1.0,0.0,0.0,3.2,0.0,0.0,2.0
197,Olivier-Maxence Prosper,DAL,21,1,0,1,0.9,0.0,0.0,0.0,0.0,0.0,0.0,0.0,0.0,0.0,0.0,0.0,0.0,0.0,0.0,0.0,0.0,0.0,0.0,0.0,0.0,0.0,-2.0
197,Orlando Robinson,MIA,23,1,0,1,2.5,0.0,0.0,1.0,0.0,0.0,1.0,0.0,0.0,0.0,0.0,0.0,1.0,1.0,1.0,0.0,0.0,0.0,0.0,2.7,0.0,0.0,3.0
197,T.J. Warren,MIN,30,3,2,1,3.8,0.0,0.0,0.7,0.0,0.0,0.3,0.0,0.0,0.0,0.0,0.7,0.3,1.0,0.3,0.0,0.0,0.0,0.0,1.7,0.0,0.0,2.3
197,Thaddeus Young,PHX,35,1,0,1,3.6,0.0,0.0,0.0,0.0,0.0,0.0,0.0,0.0,0.0,0.0,0.0,0.0,0.0,0.0,0.0,0.0,0.0,0.0,0.0,0.0,0.0,-5.0
197,Thanasis Antetokounmpo,MIL,31,2,0,2,2.4,0.0,0.0,0.0,0.0,0.0,0.0,0.0,0.0,0.0,0.0,0.0,0.0,0.0,0.0,0.0,0.5,0.5,0.5,3.0,0.0,0.0,1.0
